1,Bruno_Larson@msn.com,I dont enjoy bats games speakers from Zico,Texas,2012-03-02
1,Tom_Chrysler@gmail.com,I dont enjoy shoes from Zuke,Oregon,2012-01-28
1,Betty_Chrysler@yahoo.com,I can't stand speakers from Dennys,Illinois,2012-02-23
1,Monica_Toddbridge@gmail.com,I cherish speakers pens games from Greeno,Illinois,2012-02-04
2,Monica_Toddbridge@gmail.com,I love bats speakers from Zico,Pennsylvania,2012-03-28
1,Betty_Helibron@yahoo.com,I cherish bats from Metsu,Masachussets,2012-04-28
1,Roger_Lomet@msn.com,I dislike pens from Bonzo,Michigan,2012-02-20
2,Roger_Lomet@msn.com,I hate CDs from Zuke,Illinois,2012-02-24
1,Sam_Peterson@hotmail.com,I dont enjoy CDs caps shoes from Greeno,Utah,2012-04-18
1,Christy_Li@msn.com,I dislike bats games from Zuke,California,2012-02-27
2,Christy_Li@msn.com,I hate speakers bats CDs from Zico,Utah,2012-03-01
1,Albert_Carey@msn.com,I hate teddys pens CDs from BonBon,Washington,2012-02-06
1,Bruno_Keit@gmail.com,I cherish hoodies pens from Zico,Utah,2012-02-07
2,Bruno_Keit@gmail.com,I love games speakers from Nano,Utah,2012-02-02
1,Kitty_Toddbridge@msn.com,I cherish speakers from Absoo,Masachussets,2012-01-09
2,Kitty_Toddbridge@msn.com,I cherish hoodies games from Absoo,Ney York,2012-03-19
1,Denny_Karipova@yahoo.com,I hate pens from BonBon,Utah,2012-03-25
2,Denny_Karipova@yahoo.com,I can't stand CDs from Metsu,Colarado,2012-01-19
1,Albert_Karipova@gmail.com,I dislike shoes teddys CDs from Zippy,Pennsylvania,2012-01-02
1,Alex_Keit@gmail.com,I dislike hoodies CDs from Dennys,Masachussets,2012-01-23
2,Alex_Keit@gmail.com,I cherish caps hoodies pens from Metsu,Pennsylvania,2012-02-01
1,Tina_Keit@msn.com,I hate bats games from Zippy,Pennsylvania,2012-02-06
2,Tina_Keit@msn.com,I enjoy speakers caps shoes from Bonzo,Michigan,2012-01-26
1,George_Smith@hotmail.com,I like bats from Bonzo,Florida,2012-04-21
1,Monica_Keit@yahoo.com,I enjoy caps from Nano,Illinois,2012-03-06
2,Monica_Keit@yahoo.com,I cherish shoes hoodies from Zico,Michigan,2012-03-26
1,Nadir_Toddbridge@hotmail.com,I can't stand teddys hoodies from Zippy,Pennsylvania,2012-04-03
1,Peter_Karipova@hotmail.com,I enjoy speakers hoodies from Radix,Masachussets,2012-03-24
1,Mandy_Smith@gmail.com,I enjoy pens from BonBon,Oregon,2012-02-26
2,Mandy_Smith@gmail.com,I hate hoodies from Dennys,Hawaii,2012-02-04
1,Jeremy_Parker@msn.com,I dislike games shoes from Zuke,Masachussets,2012-03-06
2,Jeremy_Parker@msn.com,I dont enjoy hoodies from Greeno,Michigan,2012-03-16
1,John_Parker@yahoo.com,I like shoes CDs hoodies from Zuke,Masachussets,2012-02-02
1,Sarena_Carey@hotmail.com,I love pens teddys CDs from Bonzo,Ney York,2012-01-24
2,Sarena_Carey@hotmail.com,I dont enjoy CDs speakers from Metsu,Nevada,2012-01-19
1,Gina_Toddbridge@msn.com,I enjoy CDs from Greeno,Ney York,2012-02-23
1,Roger_Carey@msn.com,I love speakers bats from Crombie,Colarado,2012-04-06
2,Roger_Carey@msn.com,I hate bats CDs teddys from Zippy,Wyoming,2012-03-06
1,Albert_Li@gmail.com,I love CDs from Greeno,Wyoming,2012-04-04
2,Albert_Li@gmail.com,I like speakers CDs shoes from Greeno,Colarado,2012-03-16
1,Tom_Carey@msn.com,I hate caps pens games from Absoo,Michigan,2012-01-21
1,Alex_Peterson@gmail.com,I love hoodies pens from Radix,Pennsylvania,2012-02-01
2,Alex_Peterson@gmail.com,I can't stand shoes from Crombie,Michigan,2012-01-16
1,Betty_Lomet@yahoo.com,I dont enjoy bats from Bonzo,Wyoming,2012-04-13
1,Sarena_DSouza@msn.com,I like speakers from BonBon,California,2012-01-21
2,Sarena_DSouza@msn.com,I like CDs from Metsu,Washington,2012-02-04
1,Nadir_Karipova@msn.com,I cherish shoes from Metsu,California,2012-03-28
2,Nadir_Karipova@msn.com,I dont enjoy pens games bats from Dennys,Hawaii,2012-02-16
1,Nadir_Wood@msn.com,I hate caps pens CDs from Greeno,Oregon,2012-02-06
1,Nadir_Li@gmail.com,I dont enjoy bats hoodies speakers from Absoo,Utah,2012-02-13
2,Nadir_Li@gmail.com,I love shoes from BonBon,Michigan,2012-01-21
1,Sam_Li@msn.com,I like speakers from Zico,Hawaii,2012-03-08
2,Sam_Li@msn.com,I dislike speakers teddys from Greeno,Pennsylvania,2012-02-05
1,David_Parker@msn.com,I dont enjoy shoes caps from Nano,Illinois,2012-02-22
2,David_Parker@msn.com,I like shoes pens hoodies from Zuke,Washington,2012-02-06
1,Celina_Larson@yahoo.com,I hate teddys hoodies from PLanetM,Wyoming,2012-01-18
1,Elena_Parker@yahoo.com,I like caps from Bonzo,Masachussets,2012-01-04
2,Elena_Parker@yahoo.com,I can't stand games bats from Troy,Hawaii,2012-04-18
1,Alex_Larson@gmail.com,I dont enjoy teddys shoes caps from Zico,Wyoming,2012-02-24
2,Alex_Larson@gmail.com,I dont enjoy caps from Zuke,Illinois,2012-01-01
1,Alex_Wood@yahoo.com,I enjoy hoodies from Bonzo,Texas,2012-03-17
1,Mike_Keit@hotmail.com,I cherish bats from Metsu,Pennsylvania,2012-04-21
2,Mike_Keit@hotmail.com,I can't stand caps from Absoo,Masachussets,2012-01-28
1,Charles_Chrysler@yahoo.com,I love caps from Zuke,Oregon,2012-04-02
1,Monica_Lomet@hotmail.com,I dislike bats pens caps from Zippy,Washington,2012-03-26
2,Monica_Lomet@hotmail.com,I like shoes teddys hoodies from Troy,Illinois,2012-04-23
1,Tom_Wood@msn.com,I dislike shoes speakers from Radix,Masachussets,2012-02-08
2,Tom_Wood@msn.com,I hate hoodies from Metsu,Texas,2012-04-14
1,Bruno_Lomet@gmail.com,I love speakers hoodies teddys from Greeno,Utah,2012-01-11
2,Bruno_Lomet@gmail.com,I love pens from Bonzo,Florida,2012-01-11
1,George_Parker@hotmail.com,I dont enjoy hoodies shoes games from Nano,Ney York,2012-04-02
1,Denny_Toddbridge@hotmail.com,I love shoes from Zuke,Hawaii,2012-04-06
1,Albert_Smith@msn.com,I dont enjoy pens caps from Metsu,Michigan,2012-03-22
2,Albert_Smith@msn.com,I can't stand bats from Absoo,Hawaii,2012-02-18
1,George_Lomet@msn.com,I enjoy pens from Zuke,Oregon,2012-01-15
2,George_Lomet@msn.com,I can't stand caps games from Dennys,Pennsylvania,2012-02-21
1,Bruno_Karipova@yahoo.com,I enjoy CDs shoes from BonBon,Utah,2012-03-14
2,Bruno_Karipova@yahoo.com,I dislike bats hoodies CDs from BonBon,Hawaii,2012-04-05
1,Charles_Parker@msn.com,I enjoy teddys from Radix,Oregon,2012-04-22
2,Charles_Parker@msn.com,I dont enjoy teddys hoodies shoes from PLanetM,Pennsylvania,2012-03-13
1,Gina_Smith@msn.com,I dont enjoy caps from Nano,Utah,2012-01-06
2,Gina_Smith@msn.com,I hate games bats from Metsu,Washington,2012-01-06
1,Bruno_Smith@msn.com,I enjoy games bats speakers from Zuke,California,2012-03-21
1,Emma_Smith@hotmail.com,I like pens hoodies from Absoo,Utah,2012-01-03
2,Emma_Smith@hotmail.com,I enjoy speakers hoodies pens from Zuke,Hawaii,2012-02-12
1,Monica_DSouza@msn.com,I hate games shoes hoodies from Metsu,Utah,2012-03-06
1,Bruno_Li@msn.com,I like hoodies caps pens from Nano,Texas,2012-03-19
2,Bruno_Li@msn.com,I like hoodies caps from Dennys,Washington,2012-04-10
1,George_Goldstein@gmail.com,I like CDs teddys games from Absoo,Colarado,2012-01-15
2,George_Goldstein@gmail.com,I like games from Metsu,Ney York,2012-02-14
1,Gina_Helibron@gmail.com,I love CDs from Greeno,Hawaii,2012-04-14
1,Charles_DSouza@gmail.com,I enjoy teddys caps CDs from Troy,Utah,2012-01-04
1,Christy_Lomet@yahoo.com,I hate hoodies from Radix,California,2012-04-10
2,Christy_Lomet@yahoo.com,I love CDs teddys from Dennys,Nevada,2012-01-09
1,Erie_DSouza@hotmail.com,I cherish pens from Dennys,Washington,2012-04-03
2,Erie_DSouza@hotmail.com,I dislike bats hoodies from Greeno,Ney York,2012-03-02
1,Gina_Parker@hotmail.com,I like games CDs from Absoo,Florida,2012-02-27
2,Gina_Parker@hotmail.com,I dislike speakers caps hoodies from Zuke,Illinois,2012-02-13
1,Elena_DSouza@gmail.com,I dont enjoy shoes bats speakers from Bonzo,Pennsylvania,2012-01-22
2,Elena_DSouza@gmail.com,I like bats speakers hoodies from Metsu,Masachussets,2012-01-21
1,Bruno_Parker@hotmail.com,I dislike shoes teddys from Zuke,Oregon,2012-03-21
2,Bruno_Parker@hotmail.com,I love pens shoes games from Zuke,Texas,2012-01-01
1,Sarena_Li@gmail.com,I dont enjoy speakers from Troy,Ney York,2012-01-28
2,Sarena_Li@gmail.com,I hate caps pens speakers from Bonzo,California,2012-03-06
1,Mary_Smith@gmail.com,I like teddys pens CDs from Absoo,Wyoming,2012-03-10
1,Gabriela_Li@hotmail.com,I dislike hoodies teddys from Zico,Hawaii,2012-02-11
2,Gabriela_Li@hotmail.com,I love shoes CDs from Zico,Ney York,2012-03-18
1,Kitty_Helibron@hotmail.com,I love games teddys from BonBon,Nevada,2012-04-19
1,Christy_Helibron@hotmail.com,I hate CDs from BonBon,Oregon,2012-02-05
1,Emma_Goldstein@yahoo.com,I love speakers teddys pens from PLanetM,Ney York,2012-03-14
2,Emma_Goldstein@yahoo.com,I like shoes speakers games from PLanetM,Michigan,2012-02-18
1,Nadir_Helibron@gmail.com,I love CDs from Troy,Texas,2012-02-05
2,Nadir_Helibron@gmail.com,I hate bats speakers from Nano,Illinois,2012-04-25
1,Charles_Peterson@msn.com,I dont enjoy shoes pens teddys from Zuke,Washington,2012-02-18
2,Charles_Peterson@msn.com,I like games CDs from Greeno,Oregon,2012-04-27
1,Charles_Karipova@msn.com,I hate games teddys shoes from Troy,Ney York,2012-02-03
1,Roger_DSouza@yahoo.com,I love caps from Radix,Wyoming,2012-04-12
2,Roger_DSouza@yahoo.com,I hate games bats caps from Zico,Oregon,2012-02-02
1,Albert_Larson@hotmail.com,I dislike bats shoes from Bonzo,Wyoming,2012-04-03
2,Albert_Larson@hotmail.com,I cherish shoes from Crombie,Texas,2012-04-21
1,Celina_Toddbridge@gmail.com,I enjoy games teddys from Nano,Washington,2012-01-24
1,Sam_Goldstein@yahoo.com,I hate shoes from Radix,Pennsylvania,2012-04-18
1,Gina_Carey@gmail.com,I cherish teddys pens bats from Metsu,Masachussets,2012-04-01
1,Denny_Larson@yahoo.com,I dislike caps from Greeno,Ney York,2012-03-08
1,Emma_Parker@hotmail.com,I hate shoes from Troy,Nevada,2012-03-09
2,Emma_Parker@hotmail.com,I love shoes from Greeno,Texas,2012-02-26
1,Jeremy_Goldstein@hotmail.com,I dont enjoy teddys shoes from Troy,Nevada,2012-02-17
2,Jeremy_Goldstein@hotmail.com,I cherish hoodies from Zico,Michigan,2012-02-11
1,Albert_Helibron@yahoo.com,I dont enjoy teddys CDs speakers from Zippy,Florida,2012-03-15
1,Emma_DSouza@msn.com,I dont enjoy bats games from Zippy,Oregon,2012-02-25
2,Emma_DSouza@msn.com,I hate speakers from Bonzo,Ney York,2012-03-20
1,John_Wood@yahoo.com,I dont enjoy hoodies speakers teddys from Dennys,Illinois,2012-02-17
1,Jeremy_Carey@msn.com,I like speakers from Nano,Washington,2012-04-07
2,Jeremy_Carey@msn.com,I dont enjoy shoes teddys speakers from Crombie,Wyoming,2012-02-01
1,Peter_Keit@msn.com,I like hoodies caps from Zuke,Wyoming,2012-03-16
2,Peter_Keit@msn.com,I enjoy bats from Metsu,Washington,2012-02-23
1,Celina_Parker@gmail.com,I dont enjoy speakers bats from Dennys,Pennsylvania,2012-04-16
2,Celina_Parker@gmail.com,I like bats from Metsu,Washington,2012-03-15
1,John_Chrysler@hotmail.com,I dislike caps from Nano,Michigan,2012-03-22
1,Nadir_Goldstein@yahoo.com,I dont enjoy hoodies from Zico,Wyoming,2012-02-13
1,Betty_Wood@yahoo.com,I hate hoodies caps from Nano,Utah,2012-01-27
2,Betty_Wood@yahoo.com,I like teddys CDs from Dennys,Hawaii,2012-02-23
1,Gina_Larson@msn.com,I like shoes hoodies from Zico,California,2012-02-20
1,Sam_DSouza@msn.com,I cherish CDs hoodies pens from Zuke,Pennsylvania,2012-01-22
1,Elena_Chrysler@msn.com,I cherish caps speakers CDs from Metsu,Colarado,2012-01-10
2,Elena_Chrysler@msn.com,I can't stand games pens from Absoo,Utah,2012-04-11
1,Roger_Larson@yahoo.com,I hate shoes from PLanetM,Florida,2012-04-19
2,Roger_Larson@yahoo.com,I like CDs teddys from Crombie,Utah,2012-03-19
1,Denny_Goldstein@msn.com,I enjoy bats speakers from Radix,Pennsylvania,2012-03-14
2,Denny_Goldstein@msn.com,I hate shoes games teddys from Metsu,Pennsylvania,2012-04-09
1,Sam_Helibron@yahoo.com,I like speakers from Absoo,Oregon,2012-03-16
2,Sam_Helibron@yahoo.com,I enjoy hoodies bats pens from BonBon,Texas,2012-01-05
1,Mandy_Wood@msn.com,I love pens shoes from BonBon,Pennsylvania,2012-04-23
2,Mandy_Wood@msn.com,I dislike pens CDs from Metsu,Nevada,2012-02-09
1,Denny_Keit@yahoo.com,I enjoy games from Zuke,California,2012-04-09
2,Denny_Keit@yahoo.com,I love CDs shoes games from Absoo,Wyoming,2012-04-10
1,Sam_Larson@yahoo.com,I enjoy shoes bats caps from Bonzo,Wyoming,2012-03-26
1,Erie_Karipova@msn.com,I love teddys from Zippy,Oregon,2012-02-10
1,Alex_Carey@gmail.com,I dislike CDs speakers games from Nano,Washington,2012-04-16
2,Alex_Carey@gmail.com,I enjoy games pens bats from Metsu,California,2012-02-07
1,Michael_Phelps@uss.net,thankful to my fans,Nevada,2012-02-26
2,Michael_Phelps@uss.net,I am coming to Illinois to meet fans!,Hawaii,2012-03-24
1,John_Travolta@jtv.com,I am coming to Colarado to meet fans!,California,2012-02-25
2,John_Travolta@jtv.com,I am coming to Pennsylvania to meet fans!,Wyoming,2012-01-04
3,John_Travolta@jtv.com,I am coming to Michigan to meet fans!,Florida,2012-02-05
4,John_Travolta@jtv.com,love my fans,California,2012-01-17
5,John_Travolta@jtv.com,loved being with fans,Ney York,2012-02-10
6,John_Travolta@jtv.com,enjoyed being with fans!,Utah,2012-04-02
7,John_Travolta@jtv.com,love my fans,Pennsylvania,2012-04-11
8,John_Travolta@jtv.com,I am reaching Nevada to meet fans!,Hawaii,2012-04-17
9,John_Travolta@jtv.com,enjoyed being with fans!,Masachussets,2012-04-21
10,John_Travolta@jtv.com,taking a break!,Colarado,2012-04-06
11,John_Travolta@jtv.com,taking a break!,Pennsylvania,2012-02-20
12,John_Travolta@jtv.com,loved being with fans,Ney York,2012-02-13
13,John_Travolta@jtv.com,I am reaching Pennsylvania to meet fans!,Florida,2012-02-22
14,John_Travolta@jtv.com,loved being with fans,Texas,2012-02-03
15,John_Travolta@jtv.com,thankful to my fans,Ney York,2012-03-08
16,John_Travolta@jtv.com,I am coming to Washington to meet fans!,California,2012-01-05
17,John_Travolta@jtv.com,loved being with fans,Nevada,2012-02-14
18,John_Travolta@jtv.com,I am reaching Pennsylvania to meet fans!,Nevada,2012-03-16
19,John_Travolta@jtv.com,I am reaching California to meet fans!,Texas,2012-02-12
20,John_Travolta@jtv.com,I am coming to Utah to meet fans!,Pennsylvania,2012-03-10
21,John_Travolta@jtv.com,I am reaching Oregon to meet fans!,Oregon,2012-03-16
22,John_Travolta@jtv.com,fans are so special!,Texas,2012-01-25
1,Morgan_Freeman@morgan.com,taking a break!,California,2012-02-06
2,Morgan_Freeman@morgan.com,taking a break!,Masachussets,2012-04-15
3,Morgan_Freeman@morgan.com,I am coming to Utah to meet fans!,Colarado,2012-02-10
4,Morgan_Freeman@morgan.com,I am coming to Utah to meet fans!,Masachussets,2012-04-10
5,Morgan_Freeman@morgan.com,taking a break!,Wyoming,2012-03-05
6,Morgan_Freeman@morgan.com,I am coming to Illinois to meet fans!,Ney York,2012-02-09
7,Morgan_Freeman@morgan.com,I am reaching Utah to meet fans!,Florida,2012-04-25
8,Morgan_Freeman@morgan.com,I am reaching Masachussets to meet fans!,Illinois,2012-03-15
9,Morgan_Freeman@morgan.com,I am coming to Michigan to meet fans!,Hawaii,2012-03-08
10,Morgan_Freeman@morgan.com,love my fans,Utah,2012-04-05
11,Morgan_Freeman@morgan.com,I am reaching Nevada to meet fans!,Pennsylvania,2012-02-25
12,Morgan_Freeman@morgan.com,thankful to my fans,Texas,2012-01-28
13,Morgan_Freeman@morgan.com,thankful to my fans,Hawaii,2012-01-18
14,Morgan_Freeman@morgan.com,enjoyed being with fans!,Colarado,2012-03-12
15,Morgan_Freeman@morgan.com,loved being with fans,Hawaii,2012-01-25
16,Morgan_Freeman@morgan.com,taking a break!,Washington,2012-01-12
17,Morgan_Freeman@morgan.com,I am reaching Hawaii to meet fans!,Michigan,2012-04-11
18,Morgan_Freeman@morgan.com,taking a break!,Oregon,2012-01-18
19,Morgan_Freeman@morgan.com,taking a break!,Michigan,2012-01-13
20,Morgan_Freeman@morgan.com,I am coming to Hawaii to meet fans!,Colarado,2012-04-03
21,Morgan_Freeman@morgan.com,I am coming to Washington to meet fans!,Florida,2012-01-17
22,Morgan_Freeman@morgan.com,fans are so special!,Nevada,2012-04-20
23,Morgan_Freeman@morgan.com,taking a break!,Texas,2012-01-12
1,Nicholas_Cage@ncg.com,fans are so special!,Masachussets,2012-03-24
2,Nicholas_Cage@ncg.com,thankful to my fans,Michigan,2012-01-24
3,Nicholas_Cage@ncg.com,taking a break!,Texas,2012-03-19
4,Nicholas_Cage@ncg.com,I am reaching Hawaii to meet fans!,Masachussets,2012-04-27
5,Nicholas_Cage@ncg.com,taking a break!,Texas,2012-04-09
6,Nicholas_Cage@ncg.com,loved being with fans,Florida,2012-02-23
7,Nicholas_Cage@ncg.com,I am coming to Colarado to meet fans!,Colarado,2012-02-23
8,Nicholas_Cage@ncg.com,I am coming to Pennsylvania to meet fans!,California,2012-01-08
9,Nicholas_Cage@ncg.com,love my fans,Wyoming,2012-04-14
10,Nicholas_Cage@ncg.com,I am coming to Florida to meet fans!,Pennsylvania,2012-02-07
11,Nicholas_Cage@ncg.com,I am reaching Utah to meet fans!,Wyoming,2012-03-09
12,Nicholas_Cage@ncg.com,I am coming to Hawaii to meet fans!,Oregon,2012-04-23
13,Nicholas_Cage@ncg.com,I am coming to Hawaii to meet fans!,California,2012-01-21
14,Nicholas_Cage@ncg.com,loved being with fans,Michigan,2012-01-23
15,Nicholas_Cage@ncg.com,I am reaching California to meet fans!,Michigan,2012-04-27
16,Nicholas_Cage@ncg.com,I am coming to Oregon to meet fans!,Florida,2012-04-16
17,Nicholas_Cage@ncg.com,I am reaching Pennsylvania to meet fans!,Illinois,2012-02-14
18,Nicholas_Cage@ncg.com,I am reaching Illinois to meet fans!,Nevada,2012-04-19
19,Nicholas_Cage@ncg.com,I am reaching Michigan to meet fans!,Nevada,2012-04-24
20,Nicholas_Cage@ncg.com,I am coming to Utah to meet fans!,Pennsylvania,2012-03-20
21,Nicholas_Cage@ncg.com,loved being with fans,Illinois,2012-04-18
22,Nicholas_Cage@ncg.com,enjoyed being with fans!,Pennsylvania,2012-04-05
23,Nicholas_Cage@ncg.com,I am reaching Florida to meet fans!,Texas,2012-02-08
24,Nicholas_Cage@ncg.com,I am coming to Hawaii to meet fans!,California,2012-01-13
25,Nicholas_Cage@ncg.com,enjoyed being with fans!,Ney York,2012-03-06
26,Nicholas_Cage@ncg.com,I am reaching Oregon to meet fans!,Ney York,2012-03-27
27,Nicholas_Cage@ncg.com,love my fans,Nevada,2012-02-08
28,Nicholas_Cage@ncg.com,I am coming to Nevada to meet fans!,Ney York,2012-02-19
29,Nicholas_Cage@ncg.com,I am reaching Texas to meet fans!,Wyoming,2012-04-18
30,Nicholas_Cage@ncg.com,thankful to my fans,Utah,2012-02-24
31,Nicholas_Cage@ncg.com,I am coming to Colarado to meet fans!,Hawaii,2012-03-22
32,Nicholas_Cage@ncg.com,I am coming to Nevada to meet fans!,California,2012-04-24
33,Nicholas_Cage@ncg.com,enjoyed being with fans!,Nevada,2012-03-17
34,Nicholas_Cage@ncg.com,I am reaching Ney York to meet fans!,Washington,2012-03-18
35,Nicholas_Cage@ncg.com,I am coming to Illinois to meet fans!,Wyoming,2012-03-26
36,Nicholas_Cage@ncg.com,I am reaching Texas to meet fans!,Ney York,2012-01-19
37,Nicholas_Cage@ncg.com,I am coming to Ney York to meet fans!,Nevada,2012-01-26
38,Nicholas_Cage@ncg.com,taking a break!,Michigan,2012-01-11
39,Nicholas_Cage@ncg.com,thankful to my fans,Michigan,2012-03-20
40,Nicholas_Cage@ncg.com,enjoyed being with fans!,Masachussets,2012-03-01
41,Nicholas_Cage@ncg.com,taking a break!,Florida,2012-02-04
42,Nicholas_Cage@ncg.com,I am coming to Ney York to meet fans!,Pennsylvania,2012-02-10
43,Nicholas_Cage@ncg.com,I am coming to Masachussets to meet fans!,Oregon,2012-03-03
1,Venus_Williams@usta.net,fans are so special!,Washington,2012-03-12
2,Venus_Williams@usta.net,I am reaching Illinois to meet fans!,Wyoming,2012-04-23
3,Venus_Williams@usta.net,I am coming to Oregon to meet fans!,Wyoming,2012-02-05
4,Venus_Williams@usta.net,enjoyed being with fans!,Wyoming,2012-03-28
5,Venus_Williams@usta.net,I am coming to Masachussets to meet fans!,Washington,2012-03-08
6,Venus_Williams@usta.net,I am coming to Nevada to meet fans!,Michigan,2012-01-11
7,Venus_Williams@usta.net,I am coming to Hawaii to meet fans!,Hawaii,2012-04-10
8,Venus_Williams@usta.net,I am coming to Florida to meet fans!,California,2012-01-05
9,Venus_Williams@usta.net,fans are so special!,Wyoming,2012-04-18
10,Venus_Williams@usta.net,taking a break!,Michigan,2012-01-19
11,Venus_Williams@usta.net,enjoyed being with fans!,Michigan,2012-02-01
12,Venus_Williams@usta.net,loved being with fans,Ney York,2012-04-03
13,Venus_Williams@usta.net,taking a break!,Ney York,2012-02-26
14,Venus_Williams@usta.net,I am reaching Utah to meet fans!,Illinois,2012-04-11
15,Venus_Williams@usta.net,loved being with fans,Washington,2012-02-11
16,Venus_Williams@usta.net,enjoyed being with fans!,Wyoming,2012-04-03
17,Venus_Williams@usta.net,I am coming to Colarado to meet fans!,Ney York,2012-04-08
18,Venus_Williams@usta.net,enjoyed being with fans!,California,2012-04-15
19,Venus_Williams@usta.net,I am coming to Masachussets to meet fans!,Oregon,2012-04-18
20,Venus_Williams@usta.net,I am reaching California to meet fans!,Utah,2012-03-13
21,Venus_Williams@usta.net,love my fans,Florida,2012-01-14
22,Venus_Williams@usta.net,I am reaching Illinois to meet fans!,Oregon,2012-03-26
1,Sandra_Bullock@blk.com,I am reaching Pennsylvania to meet fans!,Oregon,2012-04-14
2,Sandra_Bullock@blk.com,enjoyed being with fans!,Illinois,2012-04-09
3,Sandra_Bullock@blk.com,taking a break!,Colarado,2012-04-07
4,Sandra_Bullock@blk.com,I am coming to Pennsylvania to meet fans!,Florida,2012-04-25
5,Sandra_Bullock@blk.com,enjoyed being with fans!,Ney York,2012-04-25
6,Sandra_Bullock@blk.com,I am reaching Michigan to meet fans!,Colarado,2012-03-06
7,Sandra_Bullock@blk.com,enjoyed being with fans!,Ney York,2012-02-06
8,Sandra_Bullock@blk.com,love my fans,Utah,2012-04-15
9,Sandra_Bullock@blk.com,I am reaching Nevada to meet fans!,Michigan,2012-03-15
10,Sandra_Bullock@blk.com,I am reaching Nevada to meet fans!,Utah,2012-02-17
11,Sandra_Bullock@blk.com,taking a break!,Hawaii,2012-03-03
12,Sandra_Bullock@blk.com,I am reaching Ney York to meet fans!,Michigan,2012-02-28
13,Sandra_Bullock@blk.com,I am reaching Illinois to meet fans!,Michigan,2012-04-09
14,Sandra_Bullock@blk.com,loved being with fans,Illinois,2012-03-24
15,Sandra_Bullock@blk.com,enjoyed being with fans!,Oregon,2012-03-01
16,Sandra_Bullock@blk.com,I am coming to California to meet fans!,Hawaii,2012-01-02
17,Sandra_Bullock@blk.com,I am coming to California to meet fans!,Michigan,2012-03-04
18,Sandra_Bullock@blk.com,loved being with fans,Florida,2012-01-25
19,Sandra_Bullock@blk.com,love my fans,Ney York,2012-01-27
20,Sandra_Bullock@blk.com,I am coming to Oregon to meet fans!,Wyoming,2012-02-22
21,Sandra_Bullock@blk.com,I am reaching Ney York to meet fans!,Washington,2012-03-27
22,Sandra_Bullock@blk.com,love my fans,Pennsylvania,2012-01-13
23,Sandra_Bullock@blk.com,I am reaching Texas to meet fans!,Masachussets,2012-03-21
24,Sandra_Bullock@blk.com,loved being with fans,Florida,2012-02-21
25,Sandra_Bullock@blk.com,love my fans,Michigan,2012-03-25
26,Sandra_Bullock@blk.com,loved being with fans,Washington,2012-01-27
27,Sandra_Bullock@blk.com,I am reaching Michigan to meet fans!,Hawaii,2012-03-13
28,Sandra_Bullock@blk.com,I am reaching Nevada to meet fans!,Washington,2012-04-17
29,Sandra_Bullock@blk.com,fans are so special!,Hawaii,2012-04-27
30,Sandra_Bullock@blk.com,I am coming to Wyoming to meet fans!,Michigan,2012-02-12
31,Sandra_Bullock@blk.com,enjoyed being with fans!,Utah,2012-02-04
32,Sandra_Bullock@blk.com,I am reaching Hawaii to meet fans!,Wyoming,2012-01-13
33,Sandra_Bullock@blk.com,taking a break!,Masachussets,2012-01-23
1,Brad_Pitt@pitt.com,I am coming to Illinois to meet fans!,Michigan,2012-03-20
2,Brad_Pitt@pitt.com,I am reaching Ney York to meet fans!,Pennsylvania,2012-04-21
3,Brad_Pitt@pitt.com,I am reaching Hawaii to meet fans!,Florida,2012-03-09
4,Brad_Pitt@pitt.com,enjoyed being with fans!,Hawaii,2012-03-15
5,Brad_Pitt@pitt.com,I am reaching California to meet fans!,Colarado,2012-01-02
6,Brad_Pitt@pitt.com,I am coming to Nevada to meet fans!,Pennsylvania,2012-04-20
7,Brad_Pitt@pitt.com,fans are so special!,Michigan,2012-03-23
8,Brad_Pitt@pitt.com,I am coming to Nevada to meet fans!,California,2012-03-18
9,Brad_Pitt@pitt.com,love my fans,Texas,2012-03-21
10,Brad_Pitt@pitt.com,taking a break!,Pennsylvania,2012-01-28
11,Brad_Pitt@pitt.com,thankful to my fans,Hawaii,2012-01-03
12,Brad_Pitt@pitt.com,I am reaching Illinois to meet fans!,Nevada,2012-03-28
13,Brad_Pitt@pitt.com,love my fans,Hawaii,2012-02-02
14,Brad_Pitt@pitt.com,I am reaching Washington to meet fans!,Michigan,2012-01-26
15,Brad_Pitt@pitt.com,I am coming to Florida to meet fans!,Masachussets,2012-03-13
16,Brad_Pitt@pitt.com,I am coming to Wyoming to meet fans!,Oregon,2012-04-08
17,Brad_Pitt@pitt.com,I am reaching Oregon to meet fans!,Oregon,2012-02-08
18,Brad_Pitt@pitt.com,I am reaching Utah to meet fans!,Illinois,2012-02-22
19,Brad_Pitt@pitt.com,loved being with fans,Illinois,2012-04-02
20,Brad_Pitt@pitt.com,I am reaching Michigan to meet fans!,California,2012-01-09
21,Brad_Pitt@pitt.com,I am reaching Washington to meet fans!,Pennsylvania,2012-01-04
22,Brad_Pitt@pitt.com,fans are so special!,Colarado,2012-04-13
23,Brad_Pitt@pitt.com,I am coming to Hawaii to meet fans!,Illinois,2012-04-15
24,Brad_Pitt@pitt.com,thankful to my fans,Utah,2012-01-10
25,Brad_Pitt@pitt.com,I am coming to Utah to meet fans!,Pennsylvania,2012-02-20
26,Brad_Pitt@pitt.com,loved being with fans,Illinois,2012-04-04
27,Brad_Pitt@pitt.com,taking a break!,Washington,2012-02-05
28,Brad_Pitt@pitt.com,I am reaching Wyoming to meet fans!,Michigan,2012-01-08
1,Julia_Roberts_@rbt.com,taking a break!,California,2012-03-01
2,Julia_Roberts_@rbt.com,loved being with fans,Hawaii,2012-03-05
3,Julia_Roberts_@rbt.com,fans are so special!,Oregon,2012-04-09
4,Julia_Roberts_@rbt.com,I am coming to California to meet fans!,Oregon,2012-04-25
5,Julia_Roberts_@rbt.com,loved being with fans,California,2012-01-17
6,Julia_Roberts_@rbt.com,I am reaching Nevada to meet fans!,Nevada,2012-03-24
7,Julia_Roberts_@rbt.com,I am coming to Ney York to meet fans!,Oregon,2012-03-20
8,Julia_Roberts_@rbt.com,taking a break!,Wyoming,2012-04-27
9,Julia_Roberts_@rbt.com,I am reaching Pennsylvania to meet fans!,Oregon,2012-01-14
10,Julia_Roberts_@rbt.com,enjoyed being with fans!,Hawaii,2012-02-13
11,Julia_Roberts_@rbt.com,I am reaching Colarado to meet fans!,Texas,2012-04-02
12,Julia_Roberts_@rbt.com,fans are so special!,Oregon,2012-02-04
13,Julia_Roberts_@rbt.com,fans are so special!,Illinois,2012-03-06
14,Julia_Roberts_@rbt.com,enjoyed being with fans!,Colarado,2012-03-02
15,Julia_Roberts_@rbt.com,enjoyed being with fans!,Michigan,2012-01-20
16,Julia_Roberts_@rbt.com,love my fans,Utah,2012-02-17
17,Julia_Roberts_@rbt.com,I am coming to Oregon to meet fans!,Michigan,2012-01-07
18,Julia_Roberts_@rbt.com,taking a break!,Masachussets,2012-02-04
19,Julia_Roberts_@rbt.com,taking a break!,Florida,2012-01-19
20,Julia_Roberts_@rbt.com,I am reaching Washington to meet fans!,Oregon,2012-01-27
21,Julia_Roberts_@rbt.com,fans are so special!,Hawaii,2012-01-07
22,Julia_Roberts_@rbt.com,I am reaching Texas to meet fans!,California,2012-01-28
23,Julia_Roberts_@rbt.com,loved being with fans,Hawaii,2012-04-03
24,Julia_Roberts_@rbt.com,I am reaching Hawaii to meet fans!,Texas,2012-04-24
25,Julia_Roberts_@rbt.com,enjoyed being with fans!,Texas,2012-03-14
26,Julia_Roberts_@rbt.com,I am coming to Illinois to meet fans!,Florida,2012-03-27
27,Julia_Roberts_@rbt.com,I am coming to Washington to meet fans!,Utah,2012-04-14
28,Julia_Roberts_@rbt.com,I am coming to Hawaii to meet fans!,Florida,2012-03-20
29,Julia_Roberts_@rbt.com,I am reaching Pennsylvania to meet fans!,Texas,2012-01-07
30,Julia_Roberts_@rbt.com,loved being with fans,Florida,2012-01-20
31,Julia_Roberts_@rbt.com,I am reaching Michigan to meet fans!,Oregon,2012-04-03
32,Julia_Roberts_@rbt.com,loved being with fans,Nevada,2012-04-21
33,Julia_Roberts_@rbt.com,fans are so special!,Pennsylvania,2012-01-09
34,Julia_Roberts_@rbt.com,enjoyed being with fans!,Florida,2012-04-27
35,Julia_Roberts_@rbt.com,I am coming to Florida to meet fans!,Oregon,2012-03-05
36,Julia_Roberts_@rbt.com,enjoyed being with fans!,Nevada,2012-02-17
37,Julia_Roberts_@rbt.com,I am reaching Hawaii to meet fans!,Ney York,2012-01-18
38,Julia_Roberts_@rbt.com,thankful to my fans,California,2012-02-10
39,Julia_Roberts_@rbt.com,I am reaching California to meet fans!,Nevada,2012-03-15
1,Serena_Williams@usta.net,I am reaching Washington to meet fans!,Hawaii,2012-01-24
2,Serena_Williams@usta.net,thankful to my fans,Wyoming,2012-03-19
3,Serena_Williams@usta.net,enjoyed being with fans!,California,2012-02-23
4,Serena_Williams@usta.net,I am coming to Wyoming to meet fans!,Hawaii,2012-02-26
5,Serena_Williams@usta.net,I am reaching Florida to meet fans!,Nevada,2012-03-28
6,Serena_Williams@usta.net,loved being with fans,Colarado,2012-03-26
7,Serena_Williams@usta.net,I am reaching Hawaii to meet fans!,Wyoming,2012-04-09
8,Serena_Williams@usta.net,taking a break!,Ney York,2012-01-03
9,Serena_Williams@usta.net,I am reaching Texas to meet fans!,Nevada,2012-03-06
10,Serena_Williams@usta.net,I am coming to Hawaii to meet fans!,Florida,2012-01-05
11,Serena_Williams@usta.net,fans are so special!,Florida,2012-02-04
1,Bruce_Willis@bws.com,love my fans,Nevada,2012-02-24
2,Bruce_Willis@bws.com,enjoyed being with fans!,Pennsylvania,2012-04-25
3,Bruce_Willis@bws.com,I am reaching Texas to meet fans!,Illinois,2012-02-22
4,Bruce_Willis@bws.com,I am reaching Michigan to meet fans!,Utah,2012-02-15
5,Bruce_Willis@bws.com,loved being with fans,Colarado,2012-01-28
6,Bruce_Willis@bws.com,I am coming to Hawaii to meet fans!,Florida,2012-03-06
7,Bruce_Willis@bws.com,I am coming to Utah to meet fans!,Masachussets,2012-04-10
8,Bruce_Willis@bws.com,I am coming to Washington to meet fans!,Texas,2012-03-10
9,Bruce_Willis@bws.com,love my fans,Wyoming,2012-03-04
10,Bruce_Willis@bws.com,I am coming to Illinois to meet fans!,Hawaii,2012-03-08
11,Bruce_Willis@bws.com,fans are so special!,Masachussets,2012-02-04
12,Bruce_Willis@bws.com,I am reaching Pennsylvania to meet fans!,Utah,2012-04-24
13,Bruce_Willis@bws.com,taking a break!,Illinois,2012-04-13
14,Bruce_Willis@bws.com,I am reaching Texas to meet fans!,Hawaii,2012-01-23
15,Bruce_Willis@bws.com,enjoyed being with fans!,Illinois,2012-01-07
16,Bruce_Willis@bws.com,fans are so special!,Hawaii,2012-02-06
17,Bruce_Willis@bws.com,love my fans,Wyoming,2012-04-08
18,Bruce_Willis@bws.com,I am coming to Nevada to meet fans!,Oregon,2012-01-18
19,Bruce_Willis@bws.com,I am reaching Wyoming to meet fans!,Nevada,2012-01-13
20,Bruce_Willis@bws.com,thankful to my fans,Colarado,2012-02-11
21,Bruce_Willis@bws.com,I am reaching Oregon to meet fans!,Hawaii,2012-04-22
22,Bruce_Willis@bws.com,I am coming to Florida to meet fans!,Masachussets,2012-03-05
23,Bruce_Willis@bws.com,I am reaching Ney York to meet fans!,Masachussets,2012-02-20
24,Bruce_Willis@bws.com,love my fans,Hawaii,2012-02-14
25,Bruce_Willis@bws.com,taking a break!,Florida,2012-03-22
26,Bruce_Willis@bws.com,loved being with fans,Wyoming,2012-03-22
27,Bruce_Willis@bws.com,thankful to my fans,Colarado,2012-02-28
28,Bruce_Willis@bws.com,I am coming to Washington to meet fans!,Masachussets,2012-03-08
29,Bruce_Willis@bws.com,I am coming to Nevada to meet fans!,Oregon,2012-03-03
30,Bruce_Willis@bws.com,I am reaching Colarado to meet fans!,Wyoming,2012-01-13
31,Bruce_Willis@bws.com,I am coming to Illinois to meet fans!,Texas,2012-03-25
32,Bruce_Willis@bws.com,I am reaching Texas to meet fans!,Wyoming,2012-01-27
33,Bruce_Willis@bws.com,I am reaching Texas to meet fans!,Illinois,2012-02-23
34,Bruce_Willis@bws.com,I am reaching Ney York to meet fans!,Ney York,2012-03-02
35,Bruce_Willis@bws.com,I am coming to Wyoming to meet fans!,Illinois,2012-01-14
36,Bruce_Willis@bws.com,I am reaching Utah to meet fans!,Oregon,2012-01-20
37,Bruce_Willis@bws.com,I am coming to Masachussets to meet fans!,Wyoming,2012-01-18
1,Mariah_Carey@sng.net,loved being with fans,Florida,2012-04-18
2,Mariah_Carey@sng.net,thankful to my fans,Washington,2012-01-11
3,Mariah_Carey@sng.net,taking a break!,Washington,2012-01-04
4,Mariah_Carey@sng.net,I am reaching Colarado to meet fans!,Florida,2012-04-10
5,Mariah_Carey@sng.net,love my fans,Illinois,2012-04-23
6,Mariah_Carey@sng.net,I am coming to Washington to meet fans!,Illinois,2012-02-20
7,Mariah_Carey@sng.net,I am coming to Wyoming to meet fans!,Michigan,2012-03-03
8,Mariah_Carey@sng.net,thankful to my fans,California,2012-02-13
9,Mariah_Carey@sng.net,I am coming to Pennsylvania to meet fans!,Michigan,2012-03-24
10,Mariah_Carey@sng.net,I am coming to California to meet fans!,Wyoming,2012-02-12
11,Mariah_Carey@sng.net,enjoyed being with fans!,Nevada,2012-03-06
12,Mariah_Carey@sng.net,I am reaching Colarado to meet fans!,Illinois,2012-01-18
13,Mariah_Carey@sng.net,love my fans,Masachussets,2012-02-19
14,Mariah_Carey@sng.net,love my fans,Utah,2012-01-26
15,Mariah_Carey@sng.net,love my fans,Pennsylvania,2012-04-01
16,Mariah_Carey@sng.net,fans are so special!,California,2012-03-17
17,Mariah_Carey@sng.net,I am coming to California to meet fans!,Nevada,2012-04-20
18,Mariah_Carey@sng.net,I am coming to Masachussets to meet fans!,Pennsylvania,2012-03-18
19,Mariah_Carey@sng.net,I am reaching Utah to meet fans!,Florida,2012-03-03
20,Mariah_Carey@sng.net,thankful to my fans,Pennsylvania,2012-04-05
21,Mariah_Carey@sng.net,I am coming to Illinois to meet fans!,Wyoming,2012-04-13
22,Mariah_Carey@sng.net,I am coming to Colarado to meet fans!,Illinois,2012-04-21
23,Mariah_Carey@sng.net,loved being with fans,Hawaii,2012-01-10
24,Mariah_Carey@sng.net,I am reaching Texas to meet fans!,Illinois,2012-02-28
25,Mariah_Carey@sng.net,I am coming to Oregon to meet fans!,Oregon,2012-01-11
26,Mariah_Carey@sng.net,I am reaching California to meet fans!,Nevada,2012-04-23
27,Mariah_Carey@sng.net,I am reaching Wyoming to meet fans!,Nevada,2012-03-26
28,Mariah_Carey@sng.net,taking a break!,Illinois,2012-01-20
29,Mariah_Carey@sng.net,I am coming to Ney York to meet fans!,Masachussets,2012-04-16
30,Mariah_Carey@sng.net,I am reaching Washington to meet fans!,Texas,2012-01-01
31,Mariah_Carey@sng.net,I am coming to Pennsylvania to meet fans!,Oregon,2012-04-26
32,Mariah_Carey@sng.net,loved being with fans,Oregon,2012-03-09
33,Mariah_Carey@sng.net,love my fans,Wyoming,2012-03-17
34,Mariah_Carey@sng.net,taking a break!,Michigan,2012-03-22
35,Mariah_Carey@sng.net,fans are so special!,Colarado,2012-03-21
36,Mariah_Carey@sng.net,loved being with fans,Utah,2012-04-06
37,Mariah_Carey@sng.net,loved being with fans,Colarado,2012-02-07
38,Mariah_Carey@sng.net,I am coming to Utah to meet fans!,Hawaii,2012-01-10
39,Mariah_Carey@sng.net,I am reaching Wyoming to meet fans!,Masachussets,2012-02-21
40,Mariah_Carey@sng.net,thankful to my fans,Texas,2012-03-24
41,Mariah_Carey@sng.net,taking a break!,Michigan,2012-03-07
42,Mariah_Carey@sng.net,love my fans,Hawaii,2012-03-11
43,Mariah_Carey@sng.net,love my fans,Ney York,2012-04-17
1,David_Beckham@uks.net,I am reaching Florida to meet fans!,Oregon,2012-03-12
2,David_Beckham@uks.net,I am coming to Washington to meet fans!,Hawaii,2012-03-21
3,David_Beckham@uks.net,I am coming to Hawaii to meet fans!,Texas,2012-04-28
4,David_Beckham@uks.net,I am coming to Florida to meet fans!,Hawaii,2012-02-07
5,David_Beckham@uks.net,I am reaching Hawaii to meet fans!,Texas,2012-03-17
6,David_Beckham@uks.net,enjoyed being with fans!,Florida,2012-01-16
7,David_Beckham@uks.net,I am reaching Nevada to meet fans!,Hawaii,2012-01-09
8,David_Beckham@uks.net,I am coming to Nevada to meet fans!,Hawaii,2012-04-09
9,David_Beckham@uks.net,fans are so special!,California,2012-03-11
10,David_Beckham@uks.net,I am coming to Nevada to meet fans!,Texas,2012-03-27
11,David_Beckham@uks.net,enjoyed being with fans!,Nevada,2012-04-07
12,David_Beckham@uks.net,I am coming to Michigan to meet fans!,Wyoming,2012-04-27
13,David_Beckham@uks.net,I am reaching Pennsylvania to meet fans!,Wyoming,2012-04-02
14,David_Beckham@uks.net,I am reaching Masachussets to meet fans!,Pennsylvania,2012-01-02
15,David_Beckham@uks.net,I am reaching Wyoming to meet fans!,Masachussets,2012-04-10
16,David_Beckham@uks.net,I am reaching Wyoming to meet fans!,Michigan,2012-03-05
17,David_Beckham@uks.net,taking a break!,Nevada,2012-03-07
18,David_Beckham@uks.net,enjoyed being with fans!,Wyoming,2012-02-19
19,David_Beckham@uks.net,I am coming to Illinois to meet fans!,California,2012-01-11
20,David_Beckham@uks.net,I am reaching Texas to meet fans!,Nevada,2012-03-01
21,David_Beckham@uks.net,love my fans,Washington,2012-04-26
22,David_Beckham@uks.net,I am coming to Wyoming to meet fans!,Illinois,2012-04-07
23,David_Beckham@uks.net,I am coming to Florida to meet fans!,Florida,2012-01-26
24,David_Beckham@uks.net,enjoyed being with fans!,Hawaii,2012-04-13
25,David_Beckham@uks.net,I am coming to Texas to meet fans!,Illinois,2012-01-27
26,David_Beckham@uks.net,taking a break!,California,2012-03-19
27,David_Beckham@uks.net,fans are so special!,California,2012-01-03
28,David_Beckham@uks.net,taking a break!,Washington,2012-03-10
29,David_Beckham@uks.net,I am coming to Wyoming to meet fans!,Oregon,2012-01-08
30,David_Beckham@uks.net,fans are so special!,Colarado,2012-04-15
31,David_Beckham@uks.net,I am reaching Utah to meet fans!,Colarado,2012-03-19
32,David_Beckham@uks.net,enjoyed being with fans!,Texas,2012-04-25
1,Nicole_Kidman@kid.com,enjoyed being with fans!,Illinois,2012-01-18
2,Nicole_Kidman@kid.com,thankful to my fans,Florida,2012-04-12
3,Nicole_Kidman@kid.com,I am reaching Masachussets to meet fans!,Michigan,2012-01-03
4,Nicole_Kidman@kid.com,I am reaching Ney York to meet fans!,Pennsylvania,2012-02-23
5,Nicole_Kidman@kid.com,enjoyed being with fans!,California,2012-03-02
6,Nicole_Kidman@kid.com,thankful to my fans,Masachussets,2012-01-23
7,Nicole_Kidman@kid.com,I am reaching California to meet fans!,Pennsylvania,2012-04-02
8,Nicole_Kidman@kid.com,taking a break!,Pennsylvania,2012-01-10
9,Nicole_Kidman@kid.com,I am coming to Ney York to meet fans!,Texas,2012-01-11
10,Nicole_Kidman@kid.com,taking a break!,Masachussets,2012-02-03
11,Nicole_Kidman@kid.com,taking a break!,Colarado,2012-01-21
12,Nicole_Kidman@kid.com,I am reaching Ney York to meet fans!,Pennsylvania,2012-04-12
13,Nicole_Kidman@kid.com,enjoyed being with fans!,Utah,2012-04-18
14,Nicole_Kidman@kid.com,I am reaching Washington to meet fans!,Illinois,2012-01-08
15,Nicole_Kidman@kid.com,I am reaching Wyoming to meet fans!,Wyoming,2012-02-22
16,Nicole_Kidman@kid.com,love my fans,Texas,2012-01-11
17,Nicole_Kidman@kid.com,I am coming to Pennsylvania to meet fans!,Ney York,2012-01-15
18,Nicole_Kidman@kid.com,I am reaching Oregon to meet fans!,Wyoming,2012-03-20
19,Nicole_Kidman@kid.com,I am reaching Michigan to meet fans!,Oregon,2012-04-09
20,Nicole_Kidman@kid.com,I am coming to Texas to meet fans!,Washington,2012-01-03
21,Nicole_Kidman@kid.com,I am reaching Masachussets to meet fans!,Ney York,2012-02-12
22,Nicole_Kidman@kid.com,loved being with fans,Pennsylvania,2012-04-05
23,Nicole_Kidman@kid.com,love my fans,Nevada,2012-04-05
24,Nicole_Kidman@kid.com,I am coming to Nevada to meet fans!,Pennsylvania,2012-01-28
25,Nicole_Kidman@kid.com,enjoyed being with fans!,Colarado,2012-03-10
26,Nicole_Kidman@kid.com,loved being with fans,Illinois,2012-04-12
27,Nicole_Kidman@kid.com,I am reaching Florida to meet fans!,Oregon,2012-02-03
28,Nicole_Kidman@kid.com,loved being with fans,Hawaii,2012-03-11
29,Nicole_Kidman@kid.com,love my fans,Ney York,2012-04-11
30,Nicole_Kidman@kid.com,fans are so special!,Nevada,2012-03-22
31,Nicole_Kidman@kid.com,taking a break!,Wyoming,2012-02-02
32,Nicole_Kidman@kid.com,fans are so special!,Utah,2012-01-10
33,Nicole_Kidman@kid.com,taking a break!,Michigan,2012-04-10
34,Nicole_Kidman@kid.com,love my fans,Masachussets,2012-02-14
35,Nicole_Kidman@kid.com,taking a break!,Utah,2012-04-09
36,Nicole_Kidman@kid.com,I am coming to Illinois to meet fans!,Illinois,2012-01-11
37,Nicole_Kidman@kid.com,loved being with fans,Wyoming,2012-02-09
38,Nicole_Kidman@kid.com,love my fans,Pennsylvania,2012-04-08
39,Nicole_Kidman@kid.com,I am reaching Utah to meet fans!,Masachussets,2012-03-15
40,Nicole_Kidman@kid.com,I am coming to Hawaii to meet fans!,Nevada,2012-04-25
41,Nicole_Kidman@kid.com,I am reaching Pennsylvania to meet fans!,Colarado,2012-02-24
42,Nicole_Kidman@kid.com,I am reaching Utah to meet fans!,Utah,2012-03-18
43,Nicole_Kidman@kid.com,love my fans,California,2012-04-28
44,Nicole_Kidman@kid.com,I am coming to Wyoming to meet fans!,California,2012-03-15
45,Nicole_Kidman@kid.com,thankful to my fans,California,2012-02-26
46,Nicole_Kidman@kid.com,I am coming to Colarado to meet fans!,Illinois,2012-03-14
47,Nicole_Kidman@kid.com,fans are so special!,Illinois,2012-04-01
48,Nicole_Kidman@kid.com,I am reaching Pennsylvania to meet fans!,California,2012-03-18
1,Rafael_Nadal@sta.net,I am coming to Ney York to meet fans!,Oregon,2012-01-21
2,Rafael_Nadal@sta.net,fans are so special!,Utah,2012-04-07
3,Rafael_Nadal@sta.net,I am coming to Nevada to meet fans!,Ney York,2012-01-27
4,Rafael_Nadal@sta.net,I am reaching Nevada to meet fans!,Nevada,2012-03-26
5,Rafael_Nadal@sta.net,I am reaching Masachussets to meet fans!,California,2012-04-05
6,Rafael_Nadal@sta.net,love my fans,Oregon,2012-03-23
7,Rafael_Nadal@sta.net,fans are so special!,Oregon,2012-01-20
8,Rafael_Nadal@sta.net,I am reaching California to meet fans!,Colarado,2012-01-11
9,Rafael_Nadal@sta.net,I am coming to Pennsylvania to meet fans!,California,2012-02-04
10,Rafael_Nadal@sta.net,loved being with fans,Washington,2012-01-14
11,Rafael_Nadal@sta.net,loved being with fans,Hawaii,2012-01-21
12,Rafael_Nadal@sta.net,love my fans,Utah,2012-04-10
13,Rafael_Nadal@sta.net,I am coming to Michigan to meet fans!,Washington,2012-01-10
14,Rafael_Nadal@sta.net,I am reaching Michigan to meet fans!,Hawaii,2012-01-10
15,Rafael_Nadal@sta.net,enjoyed being with fans!,Washington,2012-02-18
16,Rafael_Nadal@sta.net,taking a break!,Illinois,2012-01-19
17,Rafael_Nadal@sta.net,fans are so special!,Ney York,2012-04-21
18,Rafael_Nadal@sta.net,love my fans,Utah,2012-03-11
19,Rafael_Nadal@sta.net,fans are so special!,Washington,2012-03-27
20,Rafael_Nadal@sta.net,I am reaching Nevada to meet fans!,Masachussets,2012-03-09
21,Rafael_Nadal@sta.net,enjoyed being with fans!,California,2012-01-14
22,Rafael_Nadal@sta.net,I am reaching Pennsylvania to meet fans!,Masachussets,2012-04-24
23,Rafael_Nadal@sta.net,loved being with fans,Masachussets,2012-01-19
24,Rafael_Nadal@sta.net,enjoyed being with fans!,Colarado,2012-02-04
25,Rafael_Nadal@sta.net,I am reaching Wyoming to meet fans!,Pennsylvania,2012-01-02
26,Rafael_Nadal@sta.net,love my fans,Florida,2012-03-14
27,Rafael_Nadal@sta.net,I am reaching Michigan to meet fans!,Pennsylvania,2012-04-11
28,Rafael_Nadal@sta.net,I am reaching Nevada to meet fans!,Utah,2012-03-19
29,Rafael_Nadal@sta.net,I am reaching Masachussets to meet fans!,Ney York,2012-03-02
30,Rafael_Nadal@sta.net,enjoyed being with fans!,Oregon,2012-02-05
31,Rafael_Nadal@sta.net,I am reaching California to meet fans!,Masachussets,2012-01-22
32,Rafael_Nadal@sta.net,loved being with fans,Nevada,2012-04-06
33,Rafael_Nadal@sta.net,I am reaching California to meet fans!,Wyoming,2012-03-14
34,Rafael_Nadal@sta.net,taking a break!,Florida,2012-04-09
35,Rafael_Nadal@sta.net,fans are so special!,California,2012-02-21
36,Rafael_Nadal@sta.net,loved being with fans,Masachussets,2012-01-09
37,Rafael_Nadal@sta.net,I am coming to Utah to meet fans!,Nevada,2012-04-06
38,Rafael_Nadal@sta.net,I am coming to Colarado to meet fans!,Oregon,2012-03-09
39,Rafael_Nadal@sta.net,taking a break!,Wyoming,2012-02-23
40,Rafael_Nadal@sta.net,I am coming to Wyoming to meet fans!,Texas,2012-01-25
41,Rafael_Nadal@sta.net,I am reaching Pennsylvania to meet fans!,Illinois,2012-04-17
42,Rafael_Nadal@sta.net,I am reaching Texas to meet fans!,Nevada,2012-02-11
43,Rafael_Nadal@sta.net,I am reaching Hawaii to meet fans!,Hawaii,2012-03-05
44,Rafael_Nadal@sta.net,fans are so special!,Colarado,2012-01-25
45,Rafael_Nadal@sta.net,I am coming to Oregon to meet fans!,Utah,2012-02-28
46,Rafael_Nadal@sta.net,fans are so special!,Masachussets,2012-03-03
47,Rafael_Nadal@sta.net,I am coming to Utah to meet fans!,Masachussets,2012-04-11
1,Tom_Hanks@thk.com,thankful to my fans,Wyoming,2012-02-20
2,Tom_Hanks@thk.com,I am coming to Colarado to meet fans!,Illinois,2012-01-11
3,Tom_Hanks@thk.com,love my fans,Colarado,2012-03-22
4,Tom_Hanks@thk.com,I am reaching Washington to meet fans!,Masachussets,2012-02-13
5,Tom_Hanks@thk.com,thankful to my fans,Pennsylvania,2012-03-16
6,Tom_Hanks@thk.com,I am reaching California to meet fans!,Michigan,2012-02-09
7,Tom_Hanks@thk.com,thankful to my fans,Illinois,2012-04-22
8,Tom_Hanks@thk.com,taking a break!,Hawaii,2012-04-19
9,Tom_Hanks@thk.com,loved being with fans,Texas,2012-03-20
10,Tom_Hanks@thk.com,enjoyed being with fans!,Michigan,2012-01-11
11,Tom_Hanks@thk.com,I am coming to Illinois to meet fans!,Illinois,2012-01-08
1,Justin_Timberlake@tlk.com,thankful to my fans,California,2012-01-25
2,Justin_Timberlake@tlk.com,loved being with fans,Masachussets,2012-02-10
3,Justin_Timberlake@tlk.com,love my fans,Masachussets,2012-02-21
4,Justin_Timberlake@tlk.com,I am coming to Michigan to meet fans!,Masachussets,2012-03-03
5,Justin_Timberlake@tlk.com,fans are so special!,Colarado,2012-03-22
6,Justin_Timberlake@tlk.com,I am reaching Florida to meet fans!,Hawaii,2012-04-03
7,Justin_Timberlake@tlk.com,love my fans,Hawaii,2012-01-20
8,Justin_Timberlake@tlk.com,thankful to my fans,Ney York,2012-03-09
9,Justin_Timberlake@tlk.com,I am coming to Washington to meet fans!,Michigan,2012-04-21
10,Justin_Timberlake@tlk.com,I am reaching Masachussets to meet fans!,Utah,2012-01-17
11,Justin_Timberlake@tlk.com,I am coming to Masachussets to meet fans!,Pennsylvania,2012-02-26
12,Justin_Timberlake@tlk.com,I am coming to Colarado to meet fans!,Washington,2012-02-27
13,Justin_Timberlake@tlk.com,I am coming to Illinois to meet fans!,Colarado,2012-02-06
14,Justin_Timberlake@tlk.com,taking a break!,Nevada,2012-01-12
15,Justin_Timberlake@tlk.com,loved being with fans,Pennsylvania,2012-03-06
16,Justin_Timberlake@tlk.com,loved being with fans,Nevada,2012-03-06
17,Justin_Timberlake@tlk.com,I am coming to Nevada to meet fans!,Illinois,2012-03-07
18,Justin_Timberlake@tlk.com,I am reaching Utah to meet fans!,Wyoming,2012-04-02
19,Justin_Timberlake@tlk.com,I am coming to Hawaii to meet fans!,Oregon,2012-03-21
20,Justin_Timberlake@tlk.com,I am reaching Washington to meet fans!,Washington,2012-03-04
21,Justin_Timberlake@tlk.com,I am coming to Florida to meet fans!,Wyoming,2012-04-10
22,Justin_Timberlake@tlk.com,enjoyed being with fans!,Oregon,2012-01-18
23,Justin_Timberlake@tlk.com,enjoyed being with fans!,Washington,2012-03-28
24,Justin_Timberlake@tlk.com,thankful to my fans,Masachussets,2012-04-19
25,Justin_Timberlake@tlk.com,love my fans,Oregon,2012-03-13
1,Roger_Federer@swta.net,fans are so special!,Hawaii,2012-04-15
2,Roger_Federer@swta.net,loved being with fans,Oregon,2012-02-27
3,Roger_Federer@swta.net,thankful to my fans,Pennsylvania,2012-02-16
4,Roger_Federer@swta.net,taking a break!,Wyoming,2012-04-15
5,Roger_Federer@swta.net,I am coming to Florida to meet fans!,Washington,2012-03-25
6,Roger_Federer@swta.net,I am coming to Masachussets to meet fans!,Nevada,2012-01-14
7,Roger_Federer@swta.net,I am reaching Oregon to meet fans!,Nevada,2012-04-22
8,Roger_Federer@swta.net,enjoyed being with fans!,Ney York,2012-01-25
9,Roger_Federer@swta.net,loved being with fans,Nevada,2012-01-02
10,Roger_Federer@swta.net,enjoyed being with fans!,Masachussets,2012-02-04
11,Roger_Federer@swta.net,fans are so special!,Colarado,2012-01-09
12,Roger_Federer@swta.net,love my fans,Wyoming,2012-01-22
13,Roger_Federer@swta.net,thankful to my fans,Ney York,2012-01-05
14,Roger_Federer@swta.net,I am coming to Utah to meet fans!,Ney York,2012-03-11
15,Roger_Federer@swta.net,I am coming to Illinois to meet fans!,Hawaii,2012-04-16
16,Roger_Federer@swta.net,I am reaching Michigan to meet fans!,Nevada,2012-03-20
17,Roger_Federer@swta.net,I am reaching Masachussets to meet fans!,Oregon,2012-02-01
18,Roger_Federer@swta.net,taking a break!,Wyoming,2012-01-14
19,Roger_Federer@swta.net,fans are so special!,Nevada,2012-03-09
20,Roger_Federer@swta.net,taking a break!,Nevada,2012-02-28
21,Roger_Federer@swta.net,I am reaching Oregon to meet fans!,Oregon,2012-01-19
22,Roger_Federer@swta.net,love my fans,Masachussets,2012-04-05
23,Roger_Federer@swta.net,fans are so special!,Masachussets,2012-03-07
24,Roger_Federer@swta.net,I am reaching Washington to meet fans!,California,2012-01-19
25,Roger_Federer@swta.net,love my fans,Nevada,2012-01-09
26,Roger_Federer@swta.net,I am reaching Hawaii to meet fans!,Nevada,2012-03-23
27,Roger_Federer@swta.net,taking a break!,Michigan,2012-01-24
28,Roger_Federer@swta.net,I am coming to Colarado to meet fans!,Texas,2012-02-09
29,Roger_Federer@swta.net,I am coming to Oregon to meet fans!,Oregon,2012-02-01
30,Roger_Federer@swta.net,love my fans,Washington,2012-02-19
31,Roger_Federer@swta.net,I am coming to Texas to meet fans!,Utah,2012-01-12
32,Roger_Federer@swta.net,I am coming to California to meet fans!,Wyoming,2012-03-17
33,Roger_Federer@swta.net,taking a break!,Wyoming,2012-03-23
34,Roger_Federer@swta.net,thankful to my fans,Florida,2012-04-25
35,Roger_Federer@swta.net,I am coming to Ney York to meet fans!,Michigan,2012-01-12
36,Roger_Federer@swta.net,thankful to my fans,Nevada,2012-01-07
37,Roger_Federer@swta.net,I am reaching Ney York to meet fans!,California,2012-04-18
38,Roger_Federer@swta.net,I am coming to California to meet fans!,Ney York,2012-04-27
39,Roger_Federer@swta.net,love my fans,Colarado,2012-03-09
40,Roger_Federer@swta.net,I am reaching Pennsylvania to meet fans!,Michigan,2012-03-16
41,Roger_Federer@swta.net,love my fans,Nevada,2012-04-11
42,Roger_Federer@swta.net,enjoyed being with fans!,Colarado,2012-01-04